Workbook

Sheet Tableau
A1: Mes congés | B1: =Parametres!B5
A3: Intitulé | B3: Actuel | C3: Pris | D3: Restant
A4: CA | B4: =Calcul!B5 | C4: =Calcul!C5 | D4: =Calcul!D5
A5: CA HP | B5: =Calcul!B6 | C5: =Calcul!C6 | D5: =Calcul!D6
A6: RTC | B6: =Calcul!B7 | C6: =Calcul!C7 | D6: =Calcul!D7
A7: CET | B7: =Calcul!B8 | C7: =Calcul!C8 | D7: =Calcul!D8
A8: CF | B8: =Calcul!B9 | C8: =Calcul!C9 | D8: =Calcul!D9
A9: HS | B9: =Calcul!B10 | C9: =Calcul!C10 | D9: =Calcul!D10
A10: RPS | B10: =Calcul!B11 | C10: =Calcul!C11 | D10: =Calcul!D11
A11: TOTAL | B11: =SUM(B4:B10) | C11: =SUM(C4:C10) | D11: =SUM(D4:D10)
A13: Valeurs en heures.

Sheet Calcul
A1: Mes droits à congés – récapitulatif
A2: Tout se calcule depuis Parametres et Suivi. Ne rien saisir ici.
A4: Type | B4: De base (h) | C4: Pris (h) | D4: Reste (h) | E4: Reste (vacations) | F4: Explication
A5: CA – Congés annuels | B5: =Parametres!$B$9*Parametres!$B$10*Parametres!$B$8 | C5: =SUMIF(Suivi!$C$5:$C$204,"CA",Suivi!$E$5:$E$204) | D5: =B5-C5 | E5: =D5/Parametres!$B$6 | F5: 25 j ouvrés × valeur horaire × quotité.
A6: CA HP – Hors période | B6: =IF(Parametres!$B$11>=8,2,IF(Parametres!$B$11>=5,1,0))*Parametres!$B$10 | C6: =SUMIF(Suivi!$C$5:$C$204,"CA HP",Suivi!$E$5:$E$204) | D6: =B6-C6 | E6: =D6/Parametres!$B$6 | F6: Bonus : 1 j si 5-7 j CA hors mai-oct ; 2 j si 8 et +.
A7: RTC | B7: =Parametres!$B$12 | C7: =SUMIF(Suivi!$C$5:$C$204,"RTC",Suivi!$E$5:$E$204) | D7: =B7-C7 | E7: =D7/Parametres!$B$6 | F7: Crédit saisi dans Parametres.
A8: CET – Compte épargne-temps | B8: =(Parametres!$B$18+Parametres!$B$19)*Parametres!$B$10 | C8: =SUMIF(Suivi!$C$5:$C$204,"CET",Suivi!$E$5:$E$204) | D8: =B8-C8 | E8: =D8/Parametres!$B$6 | F8: Solde 1er janvier + jours versés.
A9: CF – Crédit férié | B9: =Parametres!$B$13*Parametres!$B$14 | C9: =SUMIF(Suivi!$C$5:$C$204,"CF",Suivi!$E$5:$E$204) | D9: =B9-C9 | E9: =D9/Parametres!$B$6 | F9: Nb fériés × heures par férié.
A10: HS – Heures supplémentaires | B10: =Parametres!$B$15 | C10: =SUMIF(Suivi!$C$5:$C$204,"HS",Suivi!$E$5:$E$204) | D10: =B10-C10 | E10: =D10/Parametres!$B$6 | F10: Compteur HS récupérables.
A11: RPS – Repos pénibilité nuit | B11: =IF(Parametres!$B$17>0,Parametres!$B$17,ROUND(140*Parametres!$B$8,0))*Parametres!$B$7*Parametres!$B$16 | C11: =SUMIF(Suivi!$C$5:$C$204,"RPS",Suivi!$E$5:$E$204) | D11: =B11-C11 | E11: =D11/Parametres!$B$6 | F11: Vacations nuit × heures nuit × coef.
A12: TOTAL | B12: =SUM(B5:B11) | C12: =SUM(C5:C11) | D12: =SUM(D5:D11) | E12: =SUM(E5:E11)
A14: CET – détail
A15: Élément | B15: Valeur | F15: Règle
A16: Jours CA pris dans l'année | B16: =C5/Parametres!$B$10 | F16: Depuis Suivi.
A17: Jours épargnables max | B17: =MAX(0,MIN((B5+B6-C5-C6)/Parametres!$B$10,(B5+B6)/Parametres!$B$10-20)) | F17: 20 j de CA obligatoires. Le reliquat est épargnable.
A18: Solde CET restant (jours) | B18: =D8/Parametres!$B$10 | F18: Plafond 60 jours.
A19: Alerte plafond | B19: =IF(B18>60,"Plafond 60 j dépassé","OK")
A20: Jours indemnisables (au-delà de 15) | B20: =MAX(0,MIN(B18,60)-15) | F20: Option possible au-delà de 15 j.
A21: Valeur si indemnisés (€) | B21: =B20*IF(Parametres!$B$20="A",Parametres!$B$23,IF(Parametres!$B$20="B",Parametres!$B$22,Parametres!$B$21)) | F21: Montant brut selon catégorie.
A23: ASA – Autorisations spéciales d'absence (hors compteur)
A24: Motif | B24: Jours | F24: Règle
A25: Garde d'enfant malade | B25: =IF(Parametres!$B$24="O",IF(Parametres!$B$25="O",12,6)*Parametres!$B$8,0) | F25: 6 j/an ; 12 j si seul ou conjoint sans droit. À vérifier.
A26: Mariage / PACS de l'agent | B26: 5 | F26: Barème FP. À vérifier.
A27: Décès conjoint / parent / enfant | B27: 3 | F27: Barème FP. Enfant : régime renforcé.
A28: Naissance / adoption | B28: Voir RH | F28: Congé naissance 3 j + paternité 25 j.
A29: Déménagement | B29: Voir RH | F29: Selon note de service.
A31: Les montants et barèmes sont indicatifs. Vérifie avec ton secrétariat / Géopol et ta note de service locale.

Sheet Parametres
A1: Paramètres – Police nationale, cycle 12h08 de nuit
A2: Cellules jaunes / texte bleu = à saisir. Le reste se calcule seul.
A4: Paramètre | B4: Valeur | C4: Explication / source
A5: Année de référence | B5: 2026 | C5: Année civile des droits.
A6: Durée d'une vacation (heures) | B6: =12+8/60 | C6: 12h08 = 12,13 h, dont 2 pauses de 20 min (rapport Sénat).
A7: Heures de nuit par vacation | B7: 9 | C7: Heures entre 21h et 6h (RGEMPN). 9h si vacation couvre toute la plage.
A8: Quotité de travail | B8: 1 | C8: 100 % = temps plein.
A9: CA – jours ouvrés réglementaires | B9: 25 | C9: Décret 84-972 : 25 jours ouvrés.
A10: Valeur horaire d'1 jour de CA (h) | B10: 7 | C10: À vérifier avec ton secrétariat / Géopol.
A11: CA HP – jours CA pris hors 1/05–31/10 | B11: 0 | C11: 5 à 7 j = 1 j bonus ; 8 j et + = 2 j bonus.
A12: RTC – crédit annuel (heures) | B12: 0 | C12: Crédit annuel horaire d'ARTT en régime cyclique (RGEMPN art. 39). Voir Géopol.
A13: CF – nombre de fériés crédités | B13: 0 | C13: Crédit férié annuel, en heures, pour régime cyclique. Voir Géopol.
A14: CF – heures par férié | B14: =B6 | C14: Par défaut = 1 vacation. Modifiable.
A15: HS – heures sup. au compteur (heures) | B15: 0 | C15: Solde HS récupérables. Voir relevé.
A16: RPS – coef. sur heures de nuit | B16: 0.1 | C16: 0,1 par heure de nuit 21h-6h (0,4 dimanche, non cumulable). Source : RGEMPN.
A17: RPS – vacations de nuit / an | B17: 0 | C17: 0 = 140 vacations/an (cycle binaire, rapport Sénat).
A18: CET – solde au 1er janvier (jours) | B18: 0 | C18: Repris de ton relevé CET.
A19: CET – jours versés cette année | B19: 0 | C19: Ta demande d'alimentation.
A20: Catégorie (C, B, A) | B20: B | C20: Pour l'indemnisation CET.
A21: Taux CET catégorie C (€/jour) | B21: 83 | C21: À vérifier.
A22: Taux CET catégorie B (€/jour) | B22: 100 | C22: À vérifier.
A23: Taux CET catégorie A (€/jour) | B23: 150 | C23: À vérifier.
A24: Enfants à charge < 16 ans (O/N) | B24: O | C24: Pour ASA garde d'enfant.
A25: Élève seul l'enfant ou conjoint sans droit (O/N) | B25: N | C25: Doublement ASA garde d'enfant.

Sheet Suivi
A1: Journal des absences posées
A2: Une ligne par absence. Choisis le type dans la liste. Heures calculées seules.
A4: Date début | B4: Date fin | C4: Type | D4: Nb vacations | E4: Heures | F4: Commentaire
A5: 46063 | B5: 46066 | C5: CA | D5: 2 | E5: =IF(D5="","",D5*Parametres!$B$6) | F5: Exemple – à effacer
E6: =IF(D6="","",D6*Parametres!$B$6)
E7: =IF(D7="","",D7*Parametres!$B$6)
E8: =IF(D8="","",D8*Parametres!$B$6)
E9: =IF(D9="","",D9*Parametres!$B$6)
E10: =IF(D10="","",D10*Parametres!$B$6)
E11: =IF(D11="","",D11*Parametres!$B$6)
E12: =IF(D12="","",D12*Parametres!$B$6)
E13: =IF(D13="","",D13*Parametres!$B$6)
E14: =IF(D14="","",D14*Parametres!$B$6)
E15: =IF(D15="","",D15*Parametres!$B$6)
E16: =IF(D16="","",D16*Parametres!$B$6)
E17: =IF(D17="","",D17*Parametres!$B$6)
... E204: =IF(D204="","",D204*Parametres!$B$6)
